{
    "arguments": {
        "game": [
            "--username",
            "${auth_player_name}",
            "--version",
            "${version_name}",
            "--gameDir",
            "${game_directory}",
            "--assetsDir",
            "${assets_root}",
            "--assetIndex",
            "${assets_index_name}",
            "--uuid",
            "${auth_uuid}",
            "--accessToken",
            "${auth_access_token}",
            "--userType",
            "${user_type}",
            "--versionType",
            "${version_type}",
            {
                "rules": [
                    {
                        "action": "allow",
                        "features": {
                            "is_demo_user": true
                        }
                    }
                ],
                "value": "--demo"
            },
            {
                "rules": [
                    {
                        "action": "allow",
                        "features": {
                            "has_custom_resolution": true
                        }
                    }
                ],
                "value": [
                    "--width",
                    "${resolution_width}",
                    "--height",
                    "${resolution_height}"
                ]
            }
        ],
        "jvm": [
            {
                "rules": [
                    {
                        "action": "allow",
                        "os": {
                            "name": "osx"
                        }
                    }
                ],
                "value": [
                    "-XstartOnFirstThread"
                ]
            },
            {
                "rules": [
                    {
                        "action": "allow",
                        "os": {
                            "name": "windows"
                        }
                    }
                ],
                "value": "-XX:HeapDumpPath=MojangTricksIntelDriversForPerformance_javaw.exe_minecraft.exe.heapdump"
            },
            {
                "rules": [
                    {
                        "action": "allow",
                        "os": {
                            "name": "windows",
                            "version": "^10\\."
                        }
                    }
                ],
                "value": [
                    "-Dos.name=Windows 10",
                    "-Dos.version=10.0"
                ]
            },
            {
                "rules": [
                    {
                        "action": "allow",
                        "os": {
                            "arch": "x86"
                        }
                    }
                ],
                "value": "-Xss1M"
            },
            "-Djava.library.path=${natives_directory}",
            "-Dminecraft.launcher.brand=${launcher_name}",
            "-Dminecraft.launcher.version=${launcher_version}",
            "-cp",
            "${classpath}"
        ]
    },
    "assetIndex": {
        "id": "1.13",
        "sha1": "97a52b4b36adab3d5e29bae87585657e17f41f23",
        "size": 217100,
        "url": "https://launchermeta.mojang.com/mc/assets/1.13/97a52b4b36adab3d5e29bae87585657e17f41f23/1.13.json",
        "totalSize": 184977468
    },
    "assets": "1.13",
    "downloads": {
        "client": {
            "sha1": "72c4fbff2a1318a57bfb66e325055064a13378a8",
            "size": 16031164,
            "url": "https://launcher.mojang.com/mc/game/1.13-pre10/client/72c4fbff2a1318a57bfb66e325055064a13378a8/client.jar"
        },
        "server": {
            "sha1": "2ffcae7a9489d515b0f733430923ef974dffd56b",
            "size": 32642829,
            "url": "https://launcher.mojang.com/mc/game/1.13-pre10/server/2ffcae7a9489d515b0f733430923ef974dffd56b/server.jar"
        }
    },
    "id": "1.13-pre10",
    "libraries": [
        {
            "name": "com.mojang:patchy:1.1",
            "downloads": {
                "artifact": {
                    "size": 15817,
                    "sha1": "aef610b34a1be37fa851825f12372b78424d8903",
                    "path": "com/mojang/patchy/1.1/patchy-1.1.jar",
                    "url": "https://libraries.minecraft.net/com/mojang/patchy/1.1/patchy-1.1.jar"
                }
            }
        },
        {
            "name": "oshi-project:oshi-core:1.1",
            "downloads": {
                "artifact": {
                    "size": 30973,
                    "sha1": "9ddf7b048a8d701be231c0f4f95fd986198fd2d8",
                    "path": "oshi-project/oshi-core/1.1/oshi-core-1.1.jar",
                    "url": "https://libraries.minecraft.net/oshi-project/oshi-core/1.1/oshi-core-1.1.jar"
                }
            }
        },
        {
            "name": "net.java.dev.jna:jna:4.4.0",
            "downloads": {
                "artifact": {
                    "size": 1091208,
                    "sha1": "cb208278274bf12ebdb56c61bd7407e6f774d65a",
                    "path": "net/java/dev/jna/jna/4.4.0/jna-4.4.0.jar",
                    "url": "https://libraries.minecraft.net/net/java/dev/jna/jna/4.4.0/jna-4.4.0.jar"
                }
            }
        },
        {
            "name": "net.java.dev.jna:platform:3.4.0",
            "downloads": {
                "artifact": {
                    "size": 913436,
                    "sha1": "e3f70017be8100d3d6923f50b3d2ee17714e9c13",
                    "path": "net/java/dev/jna/platform/3.4.0/platform-3.4.0.jar",
                    "url": "https://libraries.minecraft.net/net/java/dev/jna/platform/3.4.0/platform-3.4.0.jar"
                }
            }
        },
        {
            "name": "com.ibm.icu:icu4j-core-mojang:51.2",
            "downloads": {
                "artifact": {
                    "size": 1634692,
                    "sha1": "63d216a9311cca6be337c1e458e587f99d382b84",
                    "path": "com/ibm/icu/icu4j-core-mojang/51.2/icu4j-core-mojang-51.2.jar",
                    "url": "https://libraries.minecraft.net/com/ibm/icu/icu4j-core-mojang/51.2/icu4j-core-mojang-51.2.jar"
                }
            }
        },
        {
            "name": "net.sf.jopt-simple:jopt-simple:5.0.3",
            "downloads": {
                "artifact": {
                    "size": 78175,
                    "sha1": "cdd846cfc4e0f7eefafc02c0f5dce32b9303aa2a",
                    "path": "net/sf/jopt-simple/jopt-simple/5.0.3/jopt-simple-5.0.3.jar",
                    "url": "https://libraries.minecraft.net/net/sf/jopt-simple/jopt-simple/5.0.3/jopt-simple-5.0.3.jar"
                }
            }
        },
        {
            "name": "com.paulscode:codecjorbis:20101023",
            "downloads": {
                "artifact": {
                    "size": 103871,
                    "sha1": "c73b5636faf089d9f00e8732a829577de25237ee",
                    "path": "com/paulscode/codecjorbis/20101023/codecjorbis-20101023.jar",
                    "url": "https://libraries.minecraft.net/com/paulscode/codecjorbis/20101023/codecjorbis-20101023.jar"
                }
            }
        },
        {
            "name": "com.paulscode:codecwav:20101023",
            "downloads": {
                "artifact": {
                    "size": 5618,
                    "sha1": "12f031cfe88fef5c1dd36c563c0a3a69bd7261da",
                    "path": "com/paulscode/codecwav/20101023/codecwav-20101023.jar",
                    "url": "https://libraries.minecraft.net/com/paulscode/codecwav/20101023/codecwav-20101023.jar"
                }
            }
        },
        {
            "name": "com.paulscode:libraryjavasound:20101123",
            "downloads": {
                "artifact": {
                    "size": 21679,
                    "sha1": "5c5e304366f75f9eaa2e8cca546a1fb6109348b3",
                    "path": "com/paulscode/libraryjavasound/20101123/libraryjavasound-20101123.jar",
                    "url": "https://libraries.minecraft.net/com/paulscode/libraryjavasound/20101123/libraryjavasound-20101123.jar"
                }
            }
        },
        {
            "name": "com.paulscode:soundsystem:20120107",
            "downloads": {
                "artifact": {
                    "size": 65020,
                    "sha1": "419c05fe9be71f792b2d76cfc9b67f1ed0fec7f6",
                    "path": "com/paulscode/soundsystem/20120107/soundsystem-20120107.jar",
                    "url": "https://libraries.minecraft.net/com/paulscode/soundsystem/20120107/soundsystem-20120107.jar"
                }
            }
        },
        {
            "name": "io.netty:netty-all:4.1.25.Final",
            "downloads": {
                "artifact": {
                    "size": 3823147,
                    "sha1": "d0626cd3108294d1d58c05859add27b4ef21f83b",
                    "path": "io/netty/netty-all/4.1.25.Final/netty-all-4.1.25.Final.jar",
                    "url": "https://libraries.minecraft.net/io/netty/netty-all/4.1.25.Final/netty-all-4.1.25.Final.jar"
                }
            }
        },
        {
            "name": "com.google.guava:guava:21.0",
            "downloads": {
                "artifact": {
                    "size": 2521113,
                    "sha1": "3a3d111be1be1b745edfa7d91678a12d7ed38709",
                    "path": "com/google/guava/guava/21.0/guava-21.0.jar",
                    "url": "https://libraries.minecraft.net/com/google/guava/guava/21.0/guava-21.0.jar"
                }
            }
        },
        {
            "name": "org.apache.commons:commons-lang3:3.5",
            "downloads": {
                "classifiers": {
                    "tests": {
                        "size": 780282,
                        "sha1": "8ca309192f104265c67a1570245ae827a8650af9",
                        "path": "org/apache/commons/commons-lang3/3.5/commons-lang3-3.5-tests.jar",
                        "url": "https://libraries.minecraft.net/org/apache/commons/commons-lang3/3.5/commons-lang3-3.5-tests.jar"
                    }
                },
                "artifact": {
                    "size": 479881,
                    "sha1": "6c6c702c89bfff3cd9e80b04d668c5e190d588c6",
                    "path": "org/apache/commons/commons-lang3/3.5/commons-lang3-3.5.jar",
                    "url": "https://libraries.minecraft.net/org/apache/commons/commons-lang3/3.5/commons-lang3-3.5.jar"
                }
            }
        },
        {
            "name": "commons-io:commons-io:2.5",
            "downloads": {
                "classifiers": {
                    "tests": {
                        "size": 372821,
                        "sha1": "32b15369c83e9435ced8cd3fbe652dfba9c497ef",
                        "path": "commons-io/commons-io/2.5/commons-io-2.5-tests.jar",
                        "url": "https://libraries.minecraft.net/commons-io/commons-io/2.5/commons-io-2.5-tests.jar"
                    }
                },
                "artifact": {
                    "size": 208700,
                    "sha1": "2852e6e05fbb95076fc091f6d1780f1f8fe35e0f",
                    "path": "commons-io/commons-io/2.5/commons-io-2.5.jar",
                    "url": "https://libraries.minecraft.net/commons-io/commons-io/2.5/commons-io-2.5.jar"
                }
            }
        },
        {
            "name": "commons-codec:commons-codec:1.10",
            "downloads": {
                "classifiers": {
                    "tests": {
                        "size": 256617,
                        "sha1": "df86446f0fe79f15ce8048c0ed04d1a92fa8d265",
                        "path": "commons-codec/commons-codec/1.10/commons-codec-1.10-tests.jar",
                        "url": "https://libraries.minecraft.net/commons-codec/commons-codec/1.10/commons-codec-1.10-tests.jar"
                    }
                },
                "artifact": {
                    "size": 284184,
                    "sha1": "4b95f4897fa13f2cd904aee711aeafc0c5295cd8",
                    "path": "commons-codec/commons-codec/1.10/commons-codec-1.10.jar",
                    "url": "https://libraries.minecraft.net/commons-codec/commons-codec/1.10/commons-codec-1.10.jar"
                }
            }
        },
        {
            "name": "net.java.jinput:jinput:2.0.5",
            "downloads": {
                "artifact": {
                    "size": 208338,
                    "sha1": "39c7796b469a600f72380316f6b1f11db6c2c7c4",
                    "path": "net/java/jinput/jinput/2.0.5/jinput-2.0.5.jar",
                    "url": "https://libraries.minecraft.net/net/java/jinput/jinput/2.0.5/jinput-2.0.5.jar"
                }
            }
        },
        {
            "name": "net.java.jutils:jutils:1.0.0",
            "downloads": {
                "artifact": {
                    "size": 7508,
                    "sha1": "e12fe1fda814bd348c1579329c86943d2cd3c6a6",
                    "path": "net/java/jutils/jutils/1.0.0/jutils-1.0.0.jar",
                    "url": "https://libraries.minecraft.net/net/java/jutils/jutils/1.0.0/jutils-1.0.0.jar"
                }
            }
        },
        {
            "name": "com.mojang:brigadier:0.1.27",
            "downloads": {
                "artifact": {
                    "size": 72932,
                    "sha1": "0ed2d029ff8ca1cc68533e48f1242d0314554b4a",
                    "path": "com/mojang/brigadier/0.1.27/brigadier-0.1.27.jar",
                    "url": "https://libraries.minecraft.net/com/mojang/brigadier/0.1.27/brigadier-0.1.27.jar"
                }
            }
        },
        {
            "name": "com.mojang:datafixerupper:1.0.16",
            "downloads": {
                "artifact": {
                    "size": 430750,
                    "sha1": "963a1367041aa1394154092fb8c01f9c2b918841",
                    "path": "com/mojang/datafixerupper/1.0.16/datafixerupper-1.0.16.jar",
                    "url": "https://libraries.minecraft.net/com/mojang/datafixerupper/1.0.16/datafixerupper-1.0.16.jar"
                }
            }
        },
        {
            "name": "com.google.code.gson:gson:2.8.0",
            "downloads": {
                "artifact": {
                    "size": 231952,
                    "sha1": "c4ba5371a29ac9b2ad6129b1d39ea38750043eff",
                    "path": "com/google/code/gson/gson/2.8.0/gson-2.8.0.jar",
                    "url": "https://libraries.minecraft.net/com/google/code/gson/gson/2.8.0/gson-2.8.0.jar"
                }
            }
        },
        {
            "name": "com.mojang:authlib:1.5.25",
            "downloads": {
                "artifact": {
                    "size": 65621,
                    "sha1": "9834cdf236c22e84b946bba989e2f94ef5897c3c",
                    "path": "com/mojang/authlib/1.5.25/authlib-1.5.25.jar",
                    "url": "https://libraries.minecraft.net/com/mojang/authlib/1.5.25/authlib-1.5.25.jar"
                }
            }
        },
        {
            "name": "org.apache.commons:commons-compress:1.8.1",
            "downloads": {
                "artifact": {
                    "size": 365552,
                    "sha1": "a698750c16740fd5b3871425f4cb3bbaa87f529d",
                    "path": "org/apache/commons/commons-compress/1.8.1/commons-compress-1.8.1.jar",
                    "url": "https://libraries.minecraft.net/org/apache/commons/commons-compress/1.8.1/commons-compress-1.8.1.jar"
                }
            }
        },
        {
            "name": "org.apache.httpcomponents:httpclient:4.3.3",
            "downloads": {
                "artifact": {
                    "size": 589512,
                    "sha1": "18f4247ff4572a074444572cee34647c43e7c9c7",
                    "path": "org/apache/httpcomponents/httpclient/4.3.3/httpclient-4.3.3.jar",
                    "url": "https://libraries.minecraft.net/org/apache/httpcomponents/httpclient/4.3.3/httpclient-4.3.3.jar"
                }
            }
        },
        {
            "name": "commons-logging:commons-logging:1.1.3",
            "downloads": {
                "artifact": {
                    "size": 62050,
                    "sha1": "f6f66e966c70a83ffbdb6f17a0919eaf7c8aca7f",
                    "path": "commons-logging/commons-logging/1.1.3/commons-logging-1.1.3.jar",
                    "url": "https://libraries.minecraft.net/commons-logging/commons-logging/1.1.3/commons-logging-1.1.3.jar"
                }
            }
        },
        {
            "name": "org.apache.httpcomponents:httpcore:4.3.2",
            "downloads": {
                "artifact": {
                    "size": 282269,
                    "sha1": "31fbbff1ddbf98f3aa7377c94d33b0447c646b6e",
                    "path": "org/apache/httpcomponents/httpcore/4.3.2/httpcore-4.3.2.jar",
                    "url": "https://libraries.minecraft.net/org/apache/httpcomponents/httpcore/4.3.2/httpcore-4.3.2.jar"
                }
            }
        },
        {
            "name": "it.unimi.dsi:fastutil:7.1.0",
            "downloads": {
                "artifact": {
                    "size": 17655579,
                    "sha1": "9835253257524c1be7ab50c057aa2d418fb72082",
                    "path": "it/unimi/dsi/fastutil/7.1.0/fastutil-7.1.0.jar",
                    "url": "https://libraries.minecraft.net/it/unimi/dsi/fastutil/7.1.0/fastutil-7.1.0.jar"
                }
            }
        },
        {
            "name": "org.apache.logging.log4j:log4j-api:2.8.1",
            "downloads": {
                "classifiers": {
                    "tests": {
                        "size": 192791,
                        "sha1": "9d0c48c6186ea7f7f443803801ee7c9469129b85",
                        "path": "org/apache/logging/log4j/log4j-api/2.8.1/log4j-api-2.8.1-tests.jar",
                        "url": "https://libraries.minecraft.net/org/apache/logging/log4j/log4j-api/2.8.1/log4j-api-2.8.1-tests.jar"
                    }
                },
                "artifact": {
                    "size": 228859,
                    "sha1": "e801d13612e22cad62a3f4f3fe7fdbe6334a8e72",
                    "path": "org/apache/logging/log4j/log4j-api/2.8.1/log4j-api-2.8.1.jar",
                    "url": "https://libraries.minecraft.net/org/apache/logging/log4j/log4j-api/2.8.1/log4j-api-2.8.1.jar"
                }
            }
        },
        {
            "name": "org.apache.logging.log4j:log4j-core:2.8.1",
            "downloads": {
                "classifiers": {
                    "tests": {
                        "size": 1412295,
                        "sha1": "ef19122d4ad5de8da81fafabd007403007c8a832",
                        "path": "org/apache/logging/log4j/log4j-core/2.8.1/log4j-core-2.8.1-tests.jar",
                        "url": "https://libraries.minecraft.net/org/apache/logging/log4j/log4j-core/2.8.1/log4j-core-2.8.1-tests.jar"
                    }
                },
                "artifact": {
                    "size": 1402925,
                    "sha1": "4ac28ff2f1ddf05dae3043a190451e8c46b73c31",
                    "path": "org/apache/logging/log4j/log4j-core/2.8.1/log4j-core-2.8.1.jar",
                    "url": "https://libraries.minecraft.net/org/apache/logging/log4j/log4j-core/2.8.1/log4j-core-2.8.1.jar"
                }
            }
        },
        {
            "name": "org.lwjgl:lwjgl:3.1.6",
            "downloads": {
                "classifiers": {
                    "natives-linux": {
                        "size": 79787,
                        "sha1": "52eca3486b0c022e68a32e054ae93ea001ec5b0f",
                        "path": "org/lwjgl/lwjgl/3.1.6/lwjgl-3.1.6-natives-linux.jar",
                        "url": "https://libraries.minecraft.net/org/lwjgl/lwjgl/3.1.6/lwjgl-3.1.6-natives-linux.jar"
                    },
                    "natives-macos": {
                        "size": 36945,
                        "sha1": "4511eb54308ec79f16bb3c762af2444da681f0de",
                        "path": "org/lwjgl/lwjgl/3.1.6/lwjgl-3.1.6-natives-macos.jar",
                        "url": "https://libraries.minecraft.net/org/lwjgl/lwjgl/3.1.6/lwjgl-3.1.6-natives-macos.jar"
                    },
                    "natives-windows": {
                        "size": 237025,
                        "sha1": "a6ebe0dfde6c29836cbd928177012265ec4a8418",
                        "path": "org/lwjgl/lwjgl/3.1.6/lwjgl-3.1.6-natives-windows.jar",
                        "url": "https://libraries.minecraft.net/org/lwjgl/lwjgl/3.1.6/lwjgl-3.1.6-natives-windows.jar"
                    }
                },
                "artifact": {
                    "size": 299086,
                    "sha1": "75a08ab96db25e3dd05a127e69e314deb0c13161",
                    "path": "org/lwjgl/lwjgl/3.1.6/lwjgl-3.1.6.jar",
                    "url": "https://libraries.minecraft.net/org/lwjgl/lwjgl/3.1.6/lwjgl-3.1.6.jar"
                }
            }
        },
        {
            "name": "org.lwjgl:lwjgl-jemalloc:3.1.6",
            "downloads": {
                "classifiers": {
                    "natives-linux": {
                        "size": 131212,
                        "sha1": "796980a5c3762f80eddb5c8340f62feba168f24d",
                        "path": "org/lwjgl/lwjgl-jemalloc/3.1.6/lwjgl-jemalloc-3.1.6-natives-linux.jar",
                        "url": "https://libraries.minecraft.net/org/lwjgl/lwjgl-jemalloc/3.1.6/lwjgl-jemalloc-3.1.6-natives-linux.jar"
                    },
                    "natives-macos": {
                        "size": 96831,
                        "sha1": "fbb23c5d095dfcd56a6bee2c4409c7cd37dd9a6f",
                        "path": "org/lwjgl/lwjgl-jemalloc/3.1.6/lwjgl-jemalloc-3.1.6-natives-macos.jar",
                        "url": "https://libraries.minecraft.net/org/lwjgl/lwjgl-jemalloc/3.1.6/lwjgl-jemalloc-3.1.6-natives-macos.jar"
                    },
                    "natives-windows": {
                        "size": 198001,
                        "sha1": "f40c0b362969124a32019b3ee7191e438fdc3901",
                        "path": "org/lwjgl/lwjgl-jemalloc/3.1.6/lwjgl-jemalloc-3.1.6-natives-windows.jar",
                        "url": "https://libraries.minecraft.net/org/lwjgl/lwjgl-jemalloc/3.1.6/lwjgl-jemalloc-3.1.6-natives-windows.jar"
                    }
                },
                "artifact": {
                    "size": 40775,
                    "sha1": "807ee19f8ce08f7a55ed4939b2f34d1ded6b39c9",
                    "path": "org/lwjgl/lwjgl-jemalloc/3.1.6/lwjgl-jemalloc-3.1.6.jar",
                    "url": "https://libraries.minecraft.net/org/lwjgl/lwjgl-jemalloc/3.1.6/lwjgl-jemalloc-3.1.6.jar"
                }
            }
        },
        {
            "name": "org.lwjgl:lwjgl-openal:3.1.6",
            "downloads": {
                "classifiers": {
                    "natives-linux": {
                        "size": 490251,
                        "sha1": "aa892685b3cb606c256bfec5e359e58a15911c06",
                        "path": "org/lwjgl/lwjgl-openal/3.1.6/lwjgl-openal-3.1.6-natives-linux.jar",
                        "url": "https://libraries.minecraft.net/org/lwjgl/lwjgl-openal/3.1.6/lwjgl-openal-3.1.6-natives-linux.jar"
                    },
                    "natives-macos": {
                        "size": 410765,
                        "sha1": "e0fffeb51fae92ec73de96eb728155eb9ab197b9",
                        "path": "org/lwjgl/lwjgl-openal/3.1.6/lwjgl-openal-3.1.6-natives-macos.jar",
                        "url": "https://libraries.minecraft.net/org/lwjgl/lwjgl-openal/3.1.6/lwjgl-openal-3.1.6-natives-macos.jar"
                    },
                    "natives-windows": {
                        "size": 1072703,
                        "sha1": "351960d5ebb1678ef99016af9e7ca97881af9288",
                        "path": "org/lwjgl/lwjgl-openal/3.1.6/lwjgl-openal-3.1.6-natives-windows.jar",
                        "url": "https://libraries.minecraft.net/org/lwjgl/lwjgl-openal/3.1.6/lwjgl-openal-3.1.6-natives-windows.jar"
                    }
                },
                "artifact": {
                    "size": 79062,
                    "sha1": "c03253f13fff766ec3fc2e8d0924964d0f09e886",
                    "path": "org/lwjgl/lwjgl-openal/3.1.6/lwjgl-openal-3.1.6.jar",
                    "url": "https://libraries.minecraft.net/org/lwjgl/lwjgl-openal/3.1.6/lwjgl-openal-3.1.6.jar"
                }
            }
        },
        {
            "name": "org.lwjgl:lwjgl-opengl:3.1.6",
            "downloads": {
                "classifiers": {
                    "natives-linux": {
                        "size": 91985,
                        "sha1": "ab462db70f7ea7de1b6a492eeb04ba0f08a80c0e",
                        "path": "org/lwjgl/lwjgl-opengl/3.1.6/lwjgl-opengl-3.1.6-natives-linux.jar",
                        "url": "https://libraries.minecraft.net/org/lwjgl/lwjgl-opengl/3.1.6/lwjgl-opengl-3.1.6-natives-linux.jar"
                    },
                    "natives-macos": {
                        "size": 46527,
                        "sha1": "179700557bc5deb8ee0c92aa0786ede206cb3dff",
                        "path": "org/lwjgl/lwjgl-opengl/3.1.6/lwjgl-opengl-3.1.6-natives-macos.jar",
                        "url": "https://libraries.minecraft.net/org/lwjgl/lwjgl-opengl/3.1.6/lwjgl-opengl-3.1.6-natives-macos.jar"
                    },
                    "natives-windows": {
                        "size": 175961,
                        "sha1": "505ff142070375c86695445a7c593a727af47964",
                        "path": "org/lwjgl/lwjgl-opengl/3.1.6/lwjgl-opengl-3.1.6-natives-windows.jar",
                        "url": "https://libraries.minecraft.net/org/lwjgl/lwjgl-opengl/3.1.6/lwjgl-opengl-3.1.6-natives-windows.jar"
                    }
                },
                "artifact": {
                    "size": 821814,
                    "sha1": "964a2332ab3b396bcf67f12b8b93d39c79c978c2",
                    "path": "org/lwjgl/lwjgl-opengl/3.1.6/lwjgl-opengl-3.1.6.jar",
                    "url": "https://libraries.minecraft.net/org/lwjgl/lwjgl-opengl/3.1.6/lwjgl-opengl-3.1.6.jar"
                }
            }
        },
        {
            "name": "org.lwjgl:lwjgl-glfw:3.1.6",
            "downloads": {
                "classifiers": {
                    "natives-linux": {
                        "size": 143599,
                        "sha1": "735c865f3ad9c064569e0e0083570e47c4814f02",
                        "path": "org/lwjgl/lwjgl-glfw/3.1.6/lwjgl-glfw-3.1.6-natives-linux.jar",
                        "url": "https://libraries.minecraft.net/org/lwjgl/lwjgl-glfw/3.1.6/lwjgl-glfw-3.1.6-natives-linux.jar"
                    },
                    "natives-macos": {
                        "size": 59991,
                        "sha1": "5f32c8924b07538c48f7854b25ac1d6bcbdec584",
                        "path": "org/lwjgl/lwjgl-glfw/3.1.6/lwjgl-glfw-3.1.6-natives-macos.jar",
                        "url": "https://libraries.minecraft.net/org/lwjgl/lwjgl-glfw/3.1.6/lwjgl-glfw-3.1.6-natives-macos.jar"
                    },
                    "natives-windows": {
                        "size": 253583,
                        "sha1": "7203889aebc265a9600ab4d5a8df8d03c0a1925c",
                        "path": "org/lwjgl/lwjgl-glfw/3.1.6/lwjgl-glfw-3.1.6-natives-windows.jar",
                        "url": "https://libraries.minecraft.net/org/lwjgl/lwjgl-glfw/3.1.6/lwjgl-glfw-3.1.6-natives-windows.jar"
                    }
                },
                "artifact": {
                    "size": 114101,
                    "sha1": "7fe6af9a51891c9d22ee93c4241c237b4f3a5151",
                    "path": "org/lwjgl/lwjgl-glfw/3.1.6/lwjgl-glfw-3.1.6.jar",
                    "url": "https://libraries.minecraft.net/org/lwjgl/lwjgl-glfw/3.1.6/lwjgl-glfw-3.1.6.jar"
                }
            }
        },
        {
            "name": "org.lwjgl:lwjgl-stb:3.1.6",
            "downloads": {
                "classifiers": {
                    "natives-linux": {
                        "size": 202101,
                        "sha1": "1d15cc1cfc89fdf31c4d4d9ad129b31a8ef52901",
                        "path": "org/lwjgl/lwjgl-stb/3.1.6/lwjgl-stb-3.1.6-natives-linux.jar",
                        "url": "https://libraries.minecraft.net/org/lwjgl/lwjgl-stb/3.1.6/lwjgl-stb-3.1.6-natives-linux.jar"
                    },
                    "natives-macos": {
                        "size": 175804,
                        "sha1": "cf948e8f31649fcf528d81e0844082cf9751f138",
                        "path": "org/lwjgl/lwjgl-stb/3.1.6/lwjgl-stb-3.1.6-natives-macos.jar",
                        "url": "https://libraries.minecraft.net/org/lwjgl/lwjgl-stb/3.1.6/lwjgl-stb-3.1.6-natives-macos.jar"
                    },
                    "natives-windows": {
                        "size": 457272,
                        "sha1": "46e0d7bc48189e5f5007a91c5223ad199abbef0b",
                        "path": "org/lwjgl/lwjgl-stb/3.1.6/lwjgl-stb-3.1.6-natives-windows.jar",
                        "url": "https://libraries.minecraft.net/org/lwjgl/lwjgl-stb/3.1.6/lwjgl-stb-3.1.6-natives-windows.jar"
                    }
                },
                "artifact": {
                    "size": 104583,
                    "sha1": "041e958545f64db9d46ab8e616c3020929bbaeca",
                    "path": "org/lwjgl/lwjgl-stb/3.1.6/lwjgl-stb-3.1.6.jar",
                    "url": "https://libraries.minecraft.net/org/lwjgl/lwjgl-stb/3.1.6/lwjgl-stb-3.1.6.jar"
                }
            }
        },
        {
            "name": "org.lwjgl:lwjgl:3.1.6",
            "natives": {
                "linux": "natives-linux",
                "osx": "natives-macos",
                "windows": "natives-windows"
            },
            "downloads": {
                "classifiers": {
                    "natives-linux": {
                        "size": 79787,
                        "sha1": "52eca3486b0c022e68a32e054ae93ea001ec5b0f",
                        "path": "org/lwjgl/lwjgl/3.1.6/lwjgl-3.1.6-natives-linux.jar",
                        "url": "https://libraries.minecraft.net/org/lwjgl/lwjgl/3.1.6/lwjgl-3.1.6-natives-linux.jar"
                    },
                    "natives-macos": {
                        "size": 36945,
                        "sha1": "4511eb54308ec79f16bb3c762af2444da681f0de",
                        "path": "org/lwjgl/lwjgl/3.1.6/lwjgl-3.1.6-natives-macos.jar",
                        "url": "https://libraries.minecraft.net/org/lwjgl/lwjgl/3.1.6/lwjgl-3.1.6-natives-macos.jar"
                    },
                    "natives-windows": {
                        "size": 237025,
                        "sha1": "a6ebe0dfde6c29836cbd928177012265ec4a8418",
                        "path": "org/lwjgl/lwjgl/3.1.6/lwjgl-3.1.6-natives-windows.jar",
                        "url": "https://libraries.minecraft.net/org/lwjgl/lwjgl/3.1.6/lwjgl-3.1.6-natives-windows.jar"
                    }
                },
                "artifact": {
                    "size": 299086,
                    "sha1": "75a08ab96db25e3dd05a127e69e314deb0c13161",
                    "path": "org/lwjgl/lwjgl/3.1.6/lwjgl-3.1.6.jar",
                    "url": "https://libraries.minecraft.net/org/lwjgl/lwjgl/3.1.6/lwjgl-3.1.6.jar"
                }
            }
        },
        {
            "name": "org.lwjgl:lwjgl-jemalloc:3.1.6",
            "natives": {
                "linux": "natives-linux",
                "osx": "natives-macos",
                "windows": "natives-windows"
            },
            "downloads": {
                "classifiers": {
                    "natives-linux": {
                        "size": 131212,
                        "sha1": "796980a5c3762f80eddb5c8340f62feba168f24d",
                        "path": "org/lwjgl/lwjgl-jemalloc/3.1.6/lwjgl-jemalloc-3.1.6-natives-linux.jar",
                        "url": "https://libraries.minecraft.net/org/lwjgl/lwjgl-jemalloc/3.1.6/lwjgl-jemalloc-3.1.6-natives-linux.jar"
                    },
                    "natives-macos": {
                        "size": 96831,
                        "sha1": "fbb23c5d095dfcd56a6bee2c4409c7cd37dd9a6f",
                        "path": "org/lwjgl/lwjgl-jemalloc/3.1.6/lwjgl-jemalloc-3.1.6-natives-macos.jar",
                        "url": "https://libraries.minecraft.net/org/lwjgl/lwjgl-jemalloc/3.1.6/lwjgl-jemalloc-3.1.6-natives-macos.jar"
                    },
                    "natives-windows": {
                        "size": 198001,
                        "sha1": "f40c0b362969124a32019b3ee7191e438fdc3901",
                        "path": "org/lwjgl/lwjgl-jemalloc/3.1.6/lwjgl-jemalloc-3.1.6-natives-windows.jar",
                        "url": "https://libraries.minecraft.net/org/lwjgl/lwjgl-jemalloc/3.1.6/lwjgl-jemalloc-3.1.6-natives-windows.jar"
                    }
                },
                "artifact": {
                    "size": 40775,
                    "sha1": "807ee19f8ce08f7a55ed4939b2f34d1ded6b39c9",
                    "path": "org/lwjgl/lwjgl-jemalloc/3.1.6/lwjgl-jemalloc-3.1.6.jar",
                    "url": "https://libraries.minecraft.net/org/lwjgl/lwjgl-jemalloc/3.1.6/lwjgl-jemalloc-3.1.6.jar"
                }
            }
        },
        {
            "name": "org.lwjgl:lwjgl-openal:3.1.6",
            "natives": {
                "linux": "natives-linux",
                "osx": "natives-macos",
                "windows": "natives-windows"
            },
            "downloads": {
                "classifiers": {
                    "natives-linux": {
                        "size": 490251,
                        "sha1": "aa892685b3cb606c256bfec5e359e58a15911c06",
                        "path": "org/lwjgl/lwjgl-openal/3.1.6/lwjgl-openal-3.1.6-natives-linux.jar",
                        "url": "https://libraries.minecraft.net/org/lwjgl/lwjgl-openal/3.1.6/lwjgl-openal-3.1.6-natives-linux.jar"
                    },
                    "natives-macos": {
                        "size": 410765,
                        "sha1": "e0fffeb51fae92ec73de96eb728155eb9ab197b9",
                        "path": "org/lwjgl/lwjgl-openal/3.1.6/lwjgl-openal-3.1.6-natives-macos.jar",
                        "url": "https://libraries.minecraft.net/org/lwjgl/lwjgl-openal/3.1.6/lwjgl-openal-3.1.6-natives-macos.jar"
                    },
                    "natives-windows": {
                        "size": 1072703,
                        "sha1": "351960d5ebb1678ef99016af9e7ca97881af9288",
                        "path": "org/lwjgl/lwjgl-openal/3.1.6/lwjgl-openal-3.1.6-natives-windows.jar",
                        "url": "https://libraries.minecraft.net/org/lwjgl/lwjgl-openal/3.1.6/lwjgl-openal-3.1.6-natives-windows.jar"
                    }
                },
                "artifact": {
                    "size": 79062,
                    "sha1": "c03253f13fff766ec3fc2e8d0924964d0f09e886",
                    "path": "org/lwjgl/lwjgl-openal/3.1.6/lwjgl-openal-3.1.6.jar",
                    "url": "https://libraries.minecraft.net/org/lwjgl/lwjgl-openal/3.1.6/lwjgl-openal-3.1.6.jar"
                }
            }
        },
        {
            "name": "org.lwjgl:lwjgl-opengl:3.1.6",
            "natives": {
                "linux": "natives-linux",
                "osx": "natives-macos",
                "windows": "natives-windows"
            },
            "downloads": {
                "classifiers": {
                    "natives-linux": {
                        "size": 91985,
                        "sha1": "ab462db70f7ea7de1b6a492eeb04ba0f08a80c0e",
                        "path": "org/lwjgl/lwjgl-opengl/3.1.6/lwjgl-opengl-3.1.6-natives-linux.jar",
                        "url": "https://libraries.minecraft.net/org/lwjgl/lwjgl-opengl/3.1.6/lwjgl-opengl-3.1.6-natives-linux.jar"
                    },
                    "natives-macos": {
                        "size": 46527,
                        "sha1": "179700557bc5deb8ee0c92aa0786ede206cb3dff",
                        "path": "org/lwjgl/lwjgl-opengl/3.1.6/lwjgl-opengl-3.1.6-natives-macos.jar",
                        "url": "https://libraries.minecraft.net/org/lwjgl/lwjgl-opengl/3.1.6/lwjgl-opengl-3.1.6-natives-macos.jar"
                    },
                    "natives-windows": {
                        "size": 175961,
                        "sha1": "505ff142070375c86695445a7c593a727af47964",
                        "path": "org/lwjgl/lwjgl-opengl/3.1.6/lwjgl-opengl-3.1.6-natives-windows.jar",
                        "url": "https://libraries.minecraft.net/org/lwjgl/lwjgl-opengl/3.1.6/lwjgl-opengl-3.1.6-natives-windows.jar"
                    }
                },
                "artifact": {
                    "size": 821814,
                    "sha1": "964a2332ab3b396bcf67f12b8b93d39c79c978c2",
                    "path": "org/lwjgl/lwjgl-opengl/3.1.6/lwjgl-opengl-3.1.6.jar",
                    "url": "https://libraries.minecraft.net/org/lwjgl/lwjgl-opengl/3.1.6/lwjgl-opengl-3.1.6.jar"
                }
            }
        },
        {
            "name": "org.lwjgl:lwjgl-glfw:3.1.6",
            "natives": {
                "linux": "natives-linux",
                "osx": "natives-macos",
                "windows": "natives-windows"
            },
            "downloads": {
                "classifiers": {
                    "natives-linux": {
                        "size": 143599,
                        "sha1": "735c865f3ad9c064569e0e0083570e47c4814f02",
                        "path": "org/lwjgl/lwjgl-glfw/3.1.6/lwjgl-glfw-3.1.6-natives-linux.jar",
                        "url": "https://libraries.minecraft.net/org/lwjgl/lwjgl-glfw/3.1.6/lwjgl-glfw-3.1.6-natives-linux.jar"
                    },
                    "natives-macos": {
                        "size": 59991,
                        "sha1": "5f32c8924b07538c48f7854b25ac1d6bcbdec584",
                        "path": "org/lwjgl/lwjgl-glfw/3.1.6/lwjgl-glfw-3.1.6-natives-macos.jar",
                        "url": "https://libraries.minecraft.net/org/lwjgl/lwjgl-glfw/3.1.6/lwjgl-glfw-3.1.6-natives-macos.jar"
                    },
                    "natives-windows": {
                        "size": 253583,
                        "sha1": "7203889aebc265a9600ab4d5a8df8d03c0a1925c",
                        "path": "org/lwjgl/lwjgl-glfw/3.1.6/lwjgl-glfw-3.1.6-natives-windows.jar",
                        "url": "https://libraries.minecraft.net/org/lwjgl/lwjgl-glfw/3.1.6/lwjgl-glfw-3.1.6-natives-windows.jar"
                    }
                },
                "artifact": {
                    "size": 114101,
                    "sha1": "7fe6af9a51891c9d22ee93c4241c237b4f3a5151",
                    "path": "org/lwjgl/lwjgl-glfw/3.1.6/lwjgl-glfw-3.1.6.jar",
                    "url": "https://libraries.minecraft.net/org/lwjgl/lwjgl-glfw/3.1.6/lwjgl-glfw-3.1.6.jar"
                }
            }
        },
        {
            "name": "org.lwjgl:lwjgl-stb:3.1.6",
            "natives": {
                "linux": "natives-linux",
                "osx": "natives-macos",
                "windows": "natives-windows"
            },
            "downloads": {
                "classifiers": {
                    "natives-linux": {
                        "size": 202101,
                        "sha1": "1d15cc1cfc89fdf31c4d4d9ad129b31a8ef52901",
                        "path": "org/lwjgl/lwjgl-stb/3.1.6/lwjgl-stb-3.1.6-natives-linux.jar",
                        "url": "https://libraries.minecraft.net/org/lwjgl/lwjgl-stb/3.1.6/lwjgl-stb-3.1.6-natives-linux.jar"
                    },
                    "natives-macos": {
                        "size": 175804,
                        "sha1": "cf948e8f31649fcf528d81e0844082cf9751f138",
                        "path": "org/lwjgl/lwjgl-stb/3.1.6/lwjgl-stb-3.1.6-natives-macos.jar",
                        "url": "https://libraries.minecraft.net/org/lwjgl/lwjgl-stb/3.1.6/lwjgl-stb-3.1.6-natives-macos.jar"
                    },
                    "natives-windows": {
                        "size": 457272,
                        "sha1": "46e0d7bc48189e5f5007a91c5223ad199abbef0b",
                        "path": "org/lwjgl/lwjgl-stb/3.1.6/lwjgl-stb-3.1.6-natives-windows.jar",
                        "url": "https://libraries.minecraft.net/org/lwjgl/lwjgl-stb/3.1.6/lwjgl-stb-3.1.6-natives-windows.jar"
                    }
                },
                "artifact": {
                    "size": 104583,
                    "sha1": "041e958545f64db9d46ab8e616c3020929bbaeca",
                    "path": "org/lwjgl/lwjgl-stb/3.1.6/lwjgl-stb-3.1.6.jar",
                    "url": "https://libraries.minecraft.net/org/lwjgl/lwjgl-stb/3.1.6/lwjgl-stb-3.1.6.jar"
                }
            }
        },
        {
            "name": "com.mojang:text2speech:1.10.3",
            "downloads": {
                "classifiers": {
                    "natives-linux": {
                        "size": 7833,
                        "sha1": "ab7896aec3b3dd272b06194357f2d98f832c0cfc",
                        "path": "com/mojang/text2speech/1.10.3/text2speech-1.10.3-natives-linux.jar",
                        "url": "https://libraries.minecraft.net/com/mojang/text2speech/1.10.3/text2speech-1.10.3-natives-linux.jar"
                    },
                    "natives-windows": {
                        "size": 81217,
                        "sha1": "84a4b856389cc4f485275b1f63497a95a857a443",
                        "path": "com/mojang/text2speech/1.10.3/text2speech-1.10.3-natives-windows.jar",
                        "url": "https://libraries.minecraft.net/com/mojang/text2speech/1.10.3/text2speech-1.10.3-natives-windows.jar"
                    }
                },
                "artifact": {
                    "size": 11055,
                    "sha1": "48fd510879dff266c3815947de66e3d4809f8668",
                    "path": "com/mojang/text2speech/1.10.3/text2speech-1.10.3.jar",
                    "url": "https://libraries.minecraft.net/com/mojang/text2speech/1.10.3/text2speech-1.10.3.jar"
                }
            }
        },
        {
            "extract": {
                "exclude": [
                    "META-INF/"
                ]
            },
            "name": "com.mojang:text2speech:1.10.3",
            "natives": {
                "linux": "natives-linux",
                "windows": "natives-windows"
            },
            "downloads": {
                "classifiers": {
                    "natives-linux": {
                        "size": 7833,
                        "sha1": "ab7896aec3b3dd272b06194357f2d98f832c0cfc",
                        "path": "com/mojang/text2speech/1.10.3/text2speech-1.10.3-natives-linux.jar",
                        "url": "https://libraries.minecraft.net/com/mojang/text2speech/1.10.3/text2speech-1.10.3-natives-linux.jar"
                    },
                    "natives-windows": {
                        "size": 81217,
                        "sha1": "84a4b856389cc4f485275b1f63497a95a857a443",
                        "path": "com/mojang/text2speech/1.10.3/text2speech-1.10.3-natives-windows.jar",
                        "url": "https://libraries.minecraft.net/com/mojang/text2speech/1.10.3/text2speech-1.10.3-natives-windows.jar"
                    }
                },
                "artifact": {
                    "size": 11055,
                    "sha1": "48fd510879dff266c3815947de66e3d4809f8668",
                    "path": "com/mojang/text2speech/1.10.3/text2speech-1.10.3.jar",
                    "url": "https://libraries.minecraft.net/com/mojang/text2speech/1.10.3/text2speech-1.10.3.jar"
                }
            }
        },
        {
            "extract": {
                "exclude": [
                    "META-INF/"
                ]
            },
            "name": "ca.weblite:java-objc-bridge:1.0.0",
            "natives": {
                "osx": "natives-osx"
            },
            "rules": [
                {
                    "action": "allow",
                    "os": {
                        "name": "osx"
                    }
                }
            ],
            "downloads": {
                "classifiers": {
                    "natives-osx": {
                        "size": 5629,
                        "sha1": "08befab4894d55875f33c3d300f4f71e6e828f64",
                        "path": "ca/weblite/java-objc-bridge/1.0.0/java-objc-bridge-1.0.0-natives-osx.jar",
                        "url": "https://libraries.minecraft.net/ca/weblite/java-objc-bridge/1.0.0/java-objc-bridge-1.0.0-natives-osx.jar"
                    }
                },
                "artifact": {
                    "size": 40502,
                    "sha1": "6ef160c3133a78de015830860197602ca1c855d3",
                    "path": "ca/weblite/java-objc-bridge/1.0.0/java-objc-bridge-1.0.0.jar",
                    "url": "https://libraries.minecraft.net/ca/weblite/java-objc-bridge/1.0.0/java-objc-bridge-1.0.0.jar"
                }
            }
        },
        {
            "name": "ca.weblite:java-objc-bridge:1.0.0",
            "rules": [
                {
                    "action": "allow",
                    "os": {
                        "name": "osx"
                    }
                }
            ],
            "downloads": {
                "classifiers": {
                    "natives-osx": {
                        "size": 5629,
                        "sha1": "08befab4894d55875f33c3d300f4f71e6e828f64",
                        "path": "ca/weblite/java-objc-bridge/1.0.0/java-objc-bridge-1.0.0-natives-osx.jar",
                        "url": "https://libraries.minecraft.net/ca/weblite/java-objc-bridge/1.0.0/java-objc-bridge-1.0.0-natives-osx.jar"
                    }
                },
                "artifact": {
                    "size": 40502,
                    "sha1": "6ef160c3133a78de015830860197602ca1c855d3",
                    "path": "ca/weblite/java-objc-bridge/1.0.0/java-objc-bridge-1.0.0.jar",
                    "url": "https://libraries.minecraft.net/ca/weblite/java-objc-bridge/1.0.0/java-objc-bridge-1.0.0.jar"
                }
            }
        }
    ],
    "logging": {
        "client": {
            "file": {
                "id": "client-1.12.xml",
                "sha1": "ef4f57b922df243d0cef096efe808c72db042149",
                "size": 877,
                "url": "https://launchermeta.mojang.com/mc/log_configs/client-1.12.xml/ef4f57b922df243d0cef096efe808c72db042149/client-1.12.xml"
            },
            "argument": "-Dlog4j.configurationFile=${path}",
            "type": "log4j2-xml"
        }
    },
    "mainClass": "net.minecraft.client.main.Main",
    "minimumLauncherVersion": 21,
    "releaseTime": "2018-07-17T14:48:06+00:00",
    "time": "2018-07-19T14:47:31+00:00",
    "type": "snapshot"
}